TCI,Rejection Threshold,H0 Rejected
0.14708508852120686,0.10204417487861386,1.0
0.0797103603645327,0.06990385256134854,1.0
0.05172452650076059,0.09190128944462843,0.0
0.03683003638191645,0.11150323812442164,0.0
0.03632450578234153,0.08399488952509408,0.0
